"Date","AQS_SITE_ID","POC","Daily Max 1-hour NO2 Concentration","UNITS","DAILY_AQI_VALUE","DAILY_OBS_COUNT","PERCENT_COMPLETE","AQS_PARAMETER_CODE","AQS_PARAMETER_DESC","CBSA_CODE","CBSA_NAME","STATE_CODE","STATE","COUNTY_CODE","COUNTY","SITE_LATITUDE","SITE_LONGITUDE"
"01/01/2014","060750005","1","39.8","ppb","37","23","96.0000","42602","Nitrogen dioxide (NO2)","41860","San Francisco-Oakland-Hayward, CA","06","California","075","San Francisco","37.765946","-122.399044"
"01/02/2014","060750005","1","55.6","ppb","52","23","96.0000","42602","Nitrogen dioxide (NO2)","41860","San Francisco-Oakland-Hayward, CA","06","California","075","San Francisco","37.765946","-122.399044"
"01/03/2014","060750005","1","49.3","ppb","46","23","96.0000","42602","Nitrogen dioxide (NO2)","41860","San Francisco-Oakland-Hayward, CA","06","California","075","San Francisco","37.765946","-122.399044"
"01/04/2014","060750005","1","47.5","ppb","44","23","96.0000","42602","Nitrogen dioxide (NO2)","41860","San Francisco-Oakland-Hayward, CA","06","California","075","San Francisco","37.765946","-122.399044"
"01/05/2014","060750005","1","44.8","ppb","42","23","96.0000","42602","Nitrogen dioxide (NO2)","41860","San Francisco-Oakland-Hayward, CA","06","California","075","San Francisco","37.765946","-122.399044"
"01/06/2014","060750005","1","51","ppb","48","23","96.0000","42602","Nitrogen dioxide (NO2)","41860","San Francisco-Oakland-Hayward, CA","06","California","075","San Francisco","37.765946","-122.399044"
"01/07/2014","060750005","1","45.5","ppb","42","23","96.0000","42602","Nitrogen dioxide (NO2)","41860","San Francisco-Oakland-Hayward, CA","06","California","075","San Francisco","37.765946","-122.399044"
"01/08/2014","060750005","1","30.4","ppb","28","23","96.0000","42602","Nitrogen dioxide (NO2)","41860","San Francisco-Oakland-Hayward, CA","06","California","075","San Francisco","37.765946","-122.399044"
"01/09/2014","060750005","1","31.3","ppb","29","21","88.0000","42602","Nitrogen dioxide (NO2)","41860","San Francisco-Oakland-Hayward, CA","06","California","075","San Francisco","37.765946","-122.399044"
"01/10/2014","060750005","1","37.2","ppb","35","23","96.0000","42602","Nitrogen dioxide (NO2)","41860","San Francisco-Oakland-Hayward, CA","06","California","075","San Francisco","37.765946","-122.399044"
"01/11/2014","060750005","1","28.2","ppb","26","23","96.0000","42602","Nitrogen dioxide (NO2)","41860","San Francisco-Oakland-Hayward, CA","06","California","075","San Francisco","37.765946","-122.399044"
"01/12/2014","060750005","1","34.3","ppb","32","23","96.0000","42602","Nitrogen dioxide (NO2)","41860","San Francisco-Oakland-Hayward, CA","06","California","075","San Francisco","37.765946","-122.399044"
"01/13/2014","060750005","1","43.6","ppb","41","23","96.0000","42602","Nitrogen dioxide (NO2)","41860","San Francisco-Oakland-Hayward, CA","06","California","075","San Francisco","37.765946","-122.399044"
"01/14/2014","060750005","1","48.5","ppb","45","23","96.0000","42602","Nitrogen dioxide (NO2)","41860","San Francisco-Oakland-Hayward, CA","06","California","075","San Francisco","37.765946","-122.399044"
"01/15/2014","060750005","1","54.9","ppb","51","23","96.0000","42602","Nitrogen dioxide (NO2)","41860","San Francisco-Oakland-Hayward, CA","06","California","075","San Francisco","37.765946","-122.399044"
"01/16/2014","060750005","1","61.3","ppb","58","23","96.0000","42602","Nitrogen dioxide (NO2)","41860","San Francisco-Oakland-Hayward, CA","06","California","075","San Francisco","37.765946","-122.399044"
"01/17/2014","060750005","1","62.5","ppb","60","23","96.0000","42602","Nitrogen dioxide (NO2)","41860","San Francisco-Oakland-Hayward, CA","06","California","075","San Francisco","37.765946","-122.399044"
"01/18/2014","060750005","1","52.2","ppb","49","23","96.0000","42602","Nitrogen dioxide (NO2)","41860","San Francisco-Oakland-Hayward, CA","06","California","075","San Francisco","37.765946","-122.399044"
"01/19/2014","060750005","1","60","ppb","57","23","96.0000","42602","Nitrogen dioxide (NO2)","41860","San Francisco-Oakland-Hayward, CA","06","California","075","San Francisco","37.765946","-122.399044"
"01/20/2014","060750005","1","51.8","ppb","48","23","96.0000","42602","Nitrogen dioxide (NO2)","41860","San Francisco-Oakland-Hayward, CA","06","California","075","San Francisco","37.765946","-122.399044"
"01/21/2014","060750005","1","47","ppb","44","23","96.0000","42602","Nitrogen dioxide (NO2)","41860","San Francisco-Oakland-Hayward, CA","06","California","075","San Francisco","37.765946","-122.399044"
"01/22/2014","060750005","1","48.5","ppb","45","23","96.0000","42602","Nitrogen dioxide (NO2)","41860","San Francisco-Oakland-Hayward, CA","06","California","075","San Francisco","37.765946","-122.399044"
"01/23/2014","060750005","1","35.2","ppb","33","23","96.0000","42602","Nitrogen dioxide (NO2)","41860","San Francisco-Oakland-Hayward, CA","06","California","075","San Francisco","37.765946","-122.399044"
"01/24/2014","060750005","1","59","ppb","56","23","96.0000","42602","Nitrogen dioxide (NO2)","41860","San Francisco-Oakland-Hayward, CA","06","California","075","San Francisco","37.765946","-122.399044"
"01/25/2014","060750005","1","49.4","ppb","46","23","96.0000","42602","Nitrogen dioxide (NO2)","41860","San Francisco-Oakland-Hayward, CA","06","California","075","San Francisco","37.765946","-122.399044"
"01/26/2014","060750005","1","43.4","ppb","41","23","96.0000","42602","Nitrogen dioxide (NO2)","41860","San Francisco-Oakland-Hayward, CA","06","California","075","San Francisco","37.765946","-122.399044"
"01/27/2014","060750005","1","27.9","ppb","25","23","96.0000","42602","Nitrogen dioxide (NO2)","41860","San Francisco-Oakland-Hayward, CA","06","California","075","San Francisco","37.765946","-122.399044"
"01/28/2014","060750005","1","26.5","ppb","25","23","96.0000","42602","Nitrogen dioxide (NO2)","41860","San Francisco-Oakland-Hayward, CA","06","California","075","San Francisco","37.765946","-122.399044"
"01/29/2014","060750005","1","29.2","ppb","27","22","92.0000","42602","Nitrogen dioxide (NO2)","41860","San Francisco-Oakland-Hayward, CA","06","California","075","San Francisco","37.765946","-122.399044"
"01/30/2014","060750005","1","24.5","ppb","23","23","96.0000","42602","Nitrogen dioxide (NO2)","41860","San Francisco-Oakland-Hayward, CA","06","California","075","San Francisco","37.765946","-122.399044"
"01/31/2014","060750005","1","49","ppb","46","23","96.0000","42602","Nitrogen dioxide (NO2)","41860","San Francisco-Oakland-Hayward, CA","06","California","075","San Francisco","37.765946","-122.399044"
"02/01/2014","060750005","1","29.6","ppb","27","23","96.0000","42602","Nitrogen dioxide (NO2)","41860","San Francisco-Oakland-Hayward, CA","06","California","075","San Francisco","37.765946","-122.399044"
"02/02/2014","060750005","1","17","ppb","16","23","96.0000","42602","Nitrogen dioxide (NO2)","41860","San Francisco-Oakland-Hayward, CA","06","California","075","San Francisco","37.765946","-122.399044"
"02/03/2014","060750005","1","41.3","ppb","39","23","96.0000","42602","Nitrogen dioxide (NO2)","41860","San Francisco-Oakland-Hayward, CA","06","California","075","San Francisco","37.765946","-122.399044"
"02/04/2014","060750005","1","29.9","ppb","27","23","96.0000","42602","Nitrogen dioxide (NO2)","41860","San Francisco-Oakland-Hayward, CA","06","California","075","San Francisco","37.765946","-122.399044"
"02/05/2014","060750005","1","32.6","ppb","30","23","96.0000","42602","Nitrogen dioxide (NO2)","41860","San Francisco-Oakland-Hayward, CA","06","California","075","San Francisco","37.765946","-122.399044"
"02/06/2014","060750005","1","34.5","ppb","32","23","96.0000","42602","Nitrogen dioxide (NO2)","41860","San Francisco-Oakland-Hayward, CA","06","California","075","San Francisco","37.765946","-122.399044"
"02/07/2014","060750005","1","26.8","ppb","25","23","96.0000","42602","Nitrogen dioxide (NO2)","41860","San Francisco-Oakland-Hayward, CA","06","California","075","San Francisco","37.765946","-122.399044"
"02/08/2014","060750005","1","9.3","ppb","8","23","96.0000","42602","Nitrogen dioxide (NO2)","41860","San Francisco-Oakland-Hayward, CA","06","California","075","San Francisco","37.765946","-122.399044"
"02/09/2014","060750005","1","8.3","ppb","8","23","96.0000","42602","Nitrogen dioxide (NO2)","41860","San Francisco-Oakland-Hayward, CA","06","California","075","San Francisco","37.765946","-122.399044"
"02/10/2014","060750005","1","29.9","ppb","27","23","96.0000","42602","Nitrogen dioxide (NO2)","41860","San Francisco-Oakland-Hayward, CA","06","California","075","San Francisco","37.765946","-122.399044"
"02/11/2014","060750005","1","35.1","ppb","33","23","96.0000","42602","Nitrogen dioxide (NO2)","41860","San Francisco-Oakland-Hayward, CA","06","California","075","San Francisco","37.765946","-122.399044"
"02/12/2014","060750005","1","25.4","ppb","24","23","96.0000","42602","Nitrogen dioxide (NO2)","41860","San Francisco-Oakland-Hayward, CA","06","California","075","San Francisco","37.765946","-122.399044"
"02/13/2014","060750005","1","22.3","ppb","21","23","96.0000","42602","Nitrogen dioxide (NO2)","41860","San Francisco-Oakland-Hayward, CA","06","California","075","San Francisco","37.765946","-122.399044"
"02/14/2014","060750005","1","25.6","ppb","24","23","96.0000","42602","Nitrogen dioxide (NO2)","41860","San Francisco-Oakland-Hayward, CA","06","California","075","San Francisco","37.765946","-122.399044"
"02/15/2014","060750005","1","27.5","ppb","25","23","96.0000","42602","Nitrogen dioxide (NO2)","41860","San Francisco-Oakland-Hayward, CA","06","California","075","San Francisco","37.765946","-122.399044"
"02/16/2014","060750005","1","31.1","ppb","29","23","96.0000","42602","Nitrogen dioxide (NO2)","41860","San Francisco-Oakland-Hayward, CA","06","California","075","San Francisco","37.765946","-122.399044"
"02/17/2014","060750005","1","38.9","ppb","36","23","96.0000","42602","Nitrogen dioxide (NO2)","41860","San Francisco-Oakland-Hayward, CA","06","California","075","San Francisco","37.765946","-122.399044"
"02/18/2014","060750005","1","33.9","ppb","31","23","96.0000","42602","Nitrogen dioxide (NO2)","41860","San Francisco-Oakland-Hayward, CA","06","California","075","San Francisco","37.765946","-122.399044"
"02/19/2014","060750005","1","32.5","ppb","30","22","92.0000","42602","Nitrogen dioxide (NO2)","41860","San Francisco-Oakland-Hayward, CA","06","California","075","San Francisco","37.765946","-122.399044"
"02/20/2014","060750005","1","32.5","ppb","30","23","96.0000","42602","Nitrogen dioxide (NO2)","41860","San Francisco-Oakland-Hayward, CA","06","California","075","San Francisco","37.765946","-122.399044"
"02/21/2014","060750005","1","39.3","ppb","37","23","96.0000","42602","Nitrogen dioxide (NO2)","41860","San Francisco-Oakland-Hayward, CA","06","California","075","San Francisco","37.765946","-122.399044"
"02/22/2014","060750005","1","24","ppb","23","23","96.0000","42602","Nitrogen dioxide (NO2)","41860","San Francisco-Oakland-Hayward, CA","06","California","075","San Francisco","37.765946","-122.399044"
"02/23/2014","060750005","1","24.1","ppb","23","23","96.0000","42602","Nitrogen dioxide (NO2)","41860","San Francisco-Oakland-Hayward, CA","06","California","075","San Francisco","37.765946","-122.399044"
"02/24/2014","060750005","1","34.1","ppb","32","23","96.0000","42602","Nitrogen dioxide (NO2)","41860","San Francisco-Oakland-Hayward, CA","06","California","075","San Francisco","37.765946","-122.399044"
"02/25/2014","060750005","1","21","ppb","20","23","96.0000","42602","Nitrogen dioxide (NO2)","41860","San Francisco-Oakland-Hayward, CA","06","California","075","San Francisco","37.765946","-122.399044"
"02/26/2014","060750005","1","18.4","ppb","17","23","96.0000","42602","Nitrogen dioxide (NO2)","41860","San Francisco-Oakland-Hayward, CA","06","California","075","San Francisco","37.765946","-122.399044"
"02/27/2014","060750005","1","36.3","ppb","34","23","96.0000","42602","Nitrogen dioxide (NO2)","41860","San Francisco-Oakland-Hayward, CA","06","California","075","San Francisco","37.765946","-122.399044"
"02/28/2014","060750005","1","18","ppb","17","23","96.0000","42602","Nitrogen dioxide (NO2)","41860","San Francisco-Oakland-Hayward, CA","06","California","075","San Francisco","37.765946","-122.399044"
"03/01/2014","060750005","1","25.4","ppb","24","19","79.0000","42602","Nitrogen dioxide (NO2)","41860","San Francisco-Oakland-Hayward, CA","06","California","075","San Francisco","37.765946","-122.399044"
"03/02/2014","060750005","1","22.9","ppb","21","23","96.0000","42602","Nitrogen dioxide (NO2)","41860","San Francisco-Oakland-Hayward, CA","06","California","075","San Francisco","37.765946","-122.399044"
"03/03/2014","060750005","1","27","ppb","25","23","96.0000","42602","Nitrogen dioxide (NO2)","41860","San Francisco-Oakland-Hayward, CA","06","California","075","San Francisco","37.765946","-122.399044"
"03/04/2014","060750005","1","35.2","ppb","33","23","96.0000","42602","Nitrogen dioxide (NO2)","41860","San Francisco-Oakland-Hayward, CA","06","California","075","San Francisco","37.765946","-122.399044"
"03/05/2014","060750005","1","28.4","ppb","26","23","96.0000","42602","Nitrogen dioxide (NO2)","41860","San Francisco-Oakland-Hayward, CA","06","California","075","San Francisco","37.765946","-122.399044"
"03/06/2014","060750005","1","50.6","ppb","47","23","96.0000","42602","Nitrogen dioxide (NO2)","41860","San Francisco-Oakland-Hayward, CA","06","California","075","San Francisco","37.765946","-122.399044"
"03/07/2014","060750005","1","39.8","ppb","37","23","96.0000","42602","Nitrogen dioxide (NO2)","41860","San Francisco-Oakland-Hayward, CA","06","California","075","San Francisco","37.765946","-122.399044"
"03/08/2014","060750005","1","27.9","ppb","25","23","96.0000","42602","Nitrogen dioxide (NO2)","41860","San Francisco-Oakland-Hayward, CA","06","California","075","San Francisco","37.765946","-122.399044"
"03/09/2014","060750005","1","29.9","ppb","27","23","96.0000","42602","Nitrogen dioxide (NO2)","41860","San Francisco-Oakland-Hayward, CA","06","California","075","San Francisco","37.765946","-122.399044"
"03/10/2014","060750005","1","21.2","ppb","20","23","96.0000","42602","Nitrogen dioxide (NO2)","41860","San Francisco-Oakland-Hayward, CA","06","California","075","San Francisco","37.765946","-122.399044"
"03/11/2014","060750005","1","24.5","ppb","23","23","96.0000","42602","Nitrogen dioxide (NO2)","41860","San Francisco-Oakland-Hayward, CA","06","California","075","San Francisco","37.765946","-122.399044"
"03/12/2014","060750005","1","34.5","ppb","32","23","96.0000","42602","Nitrogen dioxide (NO2)","41860","San Francisco-Oakland-Hayward, CA","06","California","075","San Francisco","37.765946","-122.399044"
"03/13/2014","060750005","1","45.9","ppb","42","23","96.0000","42602","Nitrogen dioxide (NO2)","41860","San Francisco-Oakland-Hayward, CA","06","California","075","San Francisco","37.765946","-122.399044"
"03/14/2014","060750005","1","16.3","ppb","15","23","96.0000","42602","Nitrogen dioxide (NO2)","41860","San Francisco-Oakland-Hayward, CA","06","California","075","San Francisco","37.765946","-122.399044"
"03/15/2014","060750005","1","28.5","ppb","26","23","96.0000","42602","Nitrogen dioxide (NO2)","41860","San Francisco-Oakland-Hayward, CA","06","California","075","San Francisco","37.765946","-122.399044"
"03/16/2014","060750005","1","23.8","ppb","22","23","96.0000","42602","Nitrogen dioxide (NO2)","41860","San Francisco-Oakland-Hayward, CA","06","California","075","San Francisco","37.765946","-122.399044"
"03/17/2014","060750005","1","20.1","ppb","19","23","96.0000","42602","Nitrogen dioxide (NO2)","41860","San Francisco-Oakland-Hayward, CA","06","California","075","San Francisco","37.765946","-122.399044"
"03/19/2014","060750005","1","41.8","ppb","39","23","96.0000","42602","Nitrogen dioxide (NO2)","41860","San Francisco-Oakland-Hayward, CA","06","California","075","San Francisco","37.765946","-122.399044"
"03/20/2014","060750005","1","34.9","ppb","32","23","96.0000","42602","Nitrogen dioxide (NO2)","41860","San Francisco-Oakland-Hayward, CA","06","California","075","San Francisco","37.765946","-122.399044"
"03/21/2014","060750005","1","10.1","ppb","9","23","96.0000","42602","Nitrogen dioxide (NO2)","41860","San Francisco-Oakland-Hayward, CA","06","California","075","San Francisco","37.765946","-122.399044"
"03/22/2014","060750005","1","18.3","ppb","17","23","96.0000","42602","Nitrogen dioxide (NO2)","41860","San Francisco-Oakland-Hayward, CA","06","California","075","San Francisco","37.765946","-122.399044"
"03/23/2014","060750005","1","13.2","ppb","12","23","96.0000","42602","Nitrogen dioxide (NO2)","41860","San Francisco-Oakland-Hayward, CA","06","California","075","San Francisco","37.765946","-122.399044"
"03/24/2014","060750005","1","34.1","ppb","32","21","88.0000","42602","Nitrogen dioxide (NO2)","41860","San Francisco-Oakland-Hayward, CA","06","California","075","San Francisco","37.765946","-122.399044"
"03/25/2014","060750005","1","32.5","ppb","30","23","96.0000","42602","Nitrogen dioxide (NO2)","41860","San Francisco-Oakland-Hayward, CA","06","California","075","San Francisco","37.765946","-122.399044"
"03/26/2014","060750005","1","19.1","ppb","18","23","96.0000","42602","Nitrogen dioxide (NO2)","41860","San Francisco-Oakland-Hayward, CA","06","California","075","San Francisco","37.765946","-122.399044"
"03/27/2014","060750005","1","23","ppb","22","23","96.0000","42602","Nitrogen dioxide (NO2)","41860","San Francisco-Oakland-Hayward, CA","06","California","075","San Francisco","37.765946","-122.399044"
"03/28/2014","060750005","1","28.5","ppb","26","22","92.0000","42602","Nitrogen dioxide (NO2)","41860","San Francisco-Oakland-Hayward, CA","06","California","075","San Francisco","37.765946","-122.399044"
"03/29/2014","060750005","1","12.3","ppb","11","23","96.0000","42602","Nitrogen dioxide (NO2)","41860","San Francisco-Oakland-Hayward, CA","06","California","075","San Francisco","37.765946","-122.399044"
"03/30/2014","060750005","1","15.8","ppb","14","23","96.0000","42602","Nitrogen dioxide (NO2)","41860","San Francisco-Oakland-Hayward, CA","06","California","075","San Francisco","37.765946","-122.399044"
"03/31/2014","060750005","1","20","ppb","19","23","96.0000","42602","Nitrogen dioxide (NO2)","41860","San Francisco-Oakland-Hayward, CA","06","California","075","San Francisco","37.765946","-122.399044"
"04/01/2014","060750005","1","36.6","ppb","34","23","96.0000","42602","Nitrogen dioxide (NO2)","41860","San Francisco-Oakland-Hayward, CA","06","California","075","San Francisco","37.765946","-122.399044"
"04/02/2014","060750005","1","32.6","ppb","30","23","96.0000","42602","Nitrogen dioxide (NO2)","41860","San Francisco-Oakland-Hayward, CA","06","California","075","San Francisco","37.765946","-122.399044"
"04/03/2014","060750005","1","45.1","ppb","42","23","96.0000","42602","Nitrogen dioxide (NO2)","41860","San Francisco-Oakland-Hayward, CA","06","California","075","San Francisco","37.765946","-122.399044"
"04/04/2014","060750005","1","21.9","ppb","20","20","83.0000","42602","Nitrogen dioxide (NO2)","41860","San Francisco-Oakland-Hayward, CA","06","California","075","San Francisco","37.765946","-122.399044"
"04/05/2014","060750005","1","28.9","ppb","26","23","96.0000","42602","Nitrogen dioxide (NO2)","41860","San Francisco-Oakland-Hayward, CA","06","California","075","San Francisco","37.765946","-122.399044"
"04/06/2014","060750005","1","37.5","ppb","35","23","96.0000","42602","Nitrogen dioxide (NO2)","41860","San Francisco-Oakland-Hayward, CA","06","California","075","San Francisco","37.765946","-122.399044"
"04/07/2014","060750005","1","33.1","ppb","31","23","96.0000","42602","Nitrogen dioxide (NO2)","41860","San Francisco-Oakland-Hayward, CA","06","California","075","San Francisco","37.765946","-122.399044"
"04/08/2014","060750005","1","31.5","ppb","29","23","96.0000","42602","Nitrogen dioxide (NO2)","41860","San Francisco-Oakland-Hayward, CA","06","California","075","San Francisco","37.765946","-122.399044"
"04/09/2014","060750005","1","11.3","ppb","10","21","88.0000","42602","Nitrogen dioxide (NO2)","41860","San Francisco-Oakland-Hayward, CA","06","California","075","San Francisco","37.765946","-122.399044"
"04/10/2014","060750005","1","22.4","ppb","21","23","96.0000","42602","Nitrogen dioxide (NO2)","41860","San Francisco-Oakland-Hayward, CA","06","California","075","San Francisco","37.765946","-122.399044"
"04/11/2014","060750005","1","12.5","ppb","11","23","96.0000","42602","Nitrogen dioxide (NO2)","41860","San Francisco-Oakland-Hayward, CA","06","California","075","San Francisco","37.765946","-122.399044"
"04/12/2014","060750005","1","6.5","ppb","6","23","96.0000","42602","Nitrogen dioxide (NO2)","41860","San Francisco-Oakland-Hayward, CA","06","California","075","San Francisco","37.765946","-122.399044"
"04/13/2014","060750005","1","8.2","ppb","8","23","96.0000","42602","Nitrogen dioxide (NO2)","41860","San Francisco-Oakland-Hayward, CA","06","California","075","San Francisco","37.765946","-122.399044"
"04/14/2014","060750005","1","13.9","ppb","12","23","96.0000","42602","Nitrogen dioxide (NO2)","41860","San Francisco-Oakland-Hayward, CA","06","California","075","San Francisco","37.765946","-122.399044"
"04/15/2014","060750005","1","17","ppb","16","23","96.0000","42602","Nitrogen dioxide (NO2)","41860","San Francisco-Oakland-Hayward, CA","06","California","075","San Francisco","37.765946","-122.399044"
"04/16/2014","060750005","1","30","ppb","28","18","75.0000","42602","Nitrogen dioxide (NO2)","41860","San Francisco-Oakland-Hayward, CA","06","California","075","San Francisco","37.765946","-122.399044"
"04/17/2014","060750005","1","23.2","ppb","22","21","88.0000","42602","Nitrogen dioxide (NO2)","41860","San Francisco-Oakland-Hayward, CA","06","California","075","San Francisco","37.765946","-122.399044"
"04/18/2014","060750005","1","29.7","ppb","27","23","96.0000","42602","Nitrogen dioxide (NO2)","41860","San Francisco-Oakland-Hayward, CA","06","California","075","San Francisco","37.765946","-122.399044"
"04/19/2014","060750005","1","7","ppb","7","23","96.0000","42602","Nitrogen dioxide (NO2)","41860","San Francisco-Oakland-Hayward, CA","06","California","075","San Francisco","37.765946","-122.399044"
"04/20/2014","060750005","1","22.2","ppb","21","23","96.0000","42602","Nitrogen dioxide (NO2)","41860","San Francisco-Oakland-Hayward, CA","06","California","075","San Francisco","37.765946","-122.399044"
"04/21/2014","060750005","1","29.3","ppb","27","23","96.0000","42602","Nitrogen dioxide (NO2)","41860","San Francisco-Oakland-Hayward, CA","06","California","075","San Francisco","37.765946","-122.399044"
"04/22/2014","060750005","1","12.9","ppb","11","23","96.0000","42602","Nitrogen dioxide (NO2)","41860","San Francisco-Oakland-Hayward, CA","06","California","075","San Francisco","37.765946","-122.399044"
"04/23/2014","060750005","1","48.3","ppb","45","23","96.0000","42602","Nitrogen dioxide (NO2)","41860","San Francisco-Oakland-Hayward, CA","06","California","075","San Francisco","37.765946","-122.399044"
"04/24/2014","060750005","1","19.3","ppb","18","23","96.0000","42602","Nitrogen dioxide (NO2)","41860","San Francisco-Oakland-Hayward, CA","06","California","075","San Francisco","37.765946","-122.399044"
"04/25/2014","060750005","1","27.1","ppb","25","23","96.0000","42602","Nitrogen dioxide (NO2)","41860","San Francisco-Oakland-Hayward, CA","06","California","075","San Francisco","37.765946","-122.399044"
"04/26/2014","060750005","1","16.6","ppb","15","23","96.0000","42602","Nitrogen dioxide (NO2)","41860","San Francisco-Oakland-Hayward, CA","06","California","075","San Francisco","37.765946","-122.399044"
"04/27/2014","060750005","1","7.2","ppb","7","23","96.0000","42602","Nitrogen dioxide (NO2)","41860","San Francisco-Oakland-Hayward, CA","06","California","075","San Francisco","37.765946","-122.399044"
"04/28/2014","060750005","1","42","ppb","40","21","88.0000","42602","Nitrogen dioxide (NO2)","41860","San Francisco-Oakland-Hayward, CA","06","California","075","San Francisco","37.765946","-122.399044"
"04/29/2014","060750005","1","43.4","ppb","41","23","96.0000","42602","Nitrogen dioxide (NO2)","41860","San Francisco-Oakland-Hayward, CA","06","California","075","San Francisco","37.765946","-122.399044"
"04/30/2014","060750005","1","48","ppb","45","23","96.0000","42602","Nitrogen dioxide (NO2)","41860","San Francisco-Oakland-Hayward, CA","06","California","075","San Francisco","37.765946","-122.399044"
"05/01/2014","060750005","1","50.2","ppb","47","23","96.0000","42602","Nitrogen dioxide (NO2)","41860","San Francisco-Oakland-Hayward, CA","06","California","075","San Francisco","37.765946","-122.399044"
"05/02/2014","060750005","1","25.5","ppb","24","23","96.0000","42602","Nitrogen dioxide (NO2)","41860","San Francisco-Oakland-Hayward, CA","06","California","075","San Francisco","37.765946","-122.399044"
"05/03/2014","060750005","1","4.9","ppb","4","23","96.0000","42602","Nitrogen dioxide (NO2)","41860","San Francisco-Oakland-Hayward, CA","06","California","075","San Francisco","37.765946","-122.399044"
"05/04/2014","060750005","1","5.8","ppb","5","23","96.0000","42602","Nitrogen dioxide (NO2)","41860","San Francisco-Oakland-Hayward, CA","06","California","075","San Francisco","37.765946","-122.399044"
"05/05/2014","060750005","1","16.5","ppb","15","23","96.0000","42602","Nitrogen dioxide (NO2)","41860","San Francisco-Oakland-Hayward, CA","06","California","075","San Francisco","37.765946","-122.399044"
"05/06/2014","060750005","1","30.7","ppb","28","23","96.0000","42602","Nitrogen dioxide (NO2)","41860","San Francisco-Oakland-Hayward, CA","06","California","075","San Francisco","37.765946","-122.399044"
"05/07/2014","060750005","1","29.3","ppb","27","23","96.0000","42602","Nitrogen dioxide (NO2)","41860","San Francisco-Oakland-Hayward, CA","06","California","075","San Francisco","37.765946","-122.399044"
"05/08/2014","060750005","1","16.6","ppb","15","23","96.0000","42602","Nitrogen dioxide (NO2)","41860","San Francisco-Oakland-Hayward, CA","06","California","075","San Francisco","37.765946","-122.399044"
"05/09/2014","060750005","1","12.2","ppb","11","23","96.0000","42602","Nitrogen dioxide (NO2)","41860","San Francisco-Oakland-Hayward, CA","06","California","075","San Francisco","37.765946","-122.399044"
"05/10/2014","060750005","1","13.3","ppb","12","23","96.0000","42602","Nitrogen dioxide (NO2)","41860","San Francisco-Oakland-Hayward, CA","06","California","075","San Francisco","37.765946","-122.399044"
"05/11/2014","060750005","1","23","ppb","22","23","96.0000","42602","Nitrogen dioxide (NO2)","41860","San Francisco-Oakland-Hayward, CA","06","California","075","San Francisco","37.765946","-122.399044"
"05/12/2014","060750005","1","34.4","ppb","32","23","96.0000","42602","Nitrogen dioxide (NO2)","41860","San Francisco-Oakland-Hayward, CA","06","California","075","San Francisco","37.765946","-122.399044"
"05/13/2014","060750005","1","43.7","ppb","41","23","96.0000","42602","Nitrogen dioxide (NO2)","41860","San Francisco-Oakland-Hayward, CA","06","California","075","San Francisco","37.765946","-122.399044"
"05/14/2014","060750005","1","50.4","ppb","47","23","96.0000","42602","Nitrogen dioxide (NO2)","41860","San Francisco-Oakland-Hayward, CA","06","California","075","San Francisco","37.765946","-122.399044"
"05/15/2014","060750005","1","50.9","ppb","47","23","96.0000","42602","Nitrogen dioxide (NO2)","41860","San Francisco-Oakland-Hayward, CA","06","California","075","San Francisco","37.765946","-122.399044"
"05/16/2014","060750005","1","18.3","ppb","17","23","96.0000","42602","Nitrogen dioxide (NO2)","41860","San Francisco-Oakland-Hayward, CA","06","California","075","San Francisco","37.765946","-122.399044"
"05/17/2014","060750005","1","6.7","ppb","6","23","96.0000","42602","Nitrogen dioxide (NO2)","41860","San Francisco-Oakland-Hayward, CA","06","California","075","San Francisco","37.765946","-122.399044"
"05/18/2014","060750005","1","7.2","ppb","7","23","96.0000","42602","Nitrogen dioxide (NO2)","41860","San Francisco-Oakland-Hayward, CA","06","California","075","San Francisco","37.765946","-122.399044"
"05/19/2014","060750005","1","11.4","ppb","10","22","92.0000","42602","Nitrogen dioxide (NO2)","41860","San Francisco-Oakland-Hayward, CA","06","California","075","San Francisco","37.765946","-122.399044"
"05/20/2014","060750005","1","12.3","ppb","11","23","96.0000","42602","Nitrogen dioxide (NO2)","41860","San Francisco-Oakland-Hayward, CA","06","California","075","San Francisco","37.765946","-122.399044"
"05/21/2014","060750005","1","15.5","ppb","14","23","96.0000","42602","Nitrogen dioxide (NO2)","41860","San Francisco-Oakland-Hayward, CA","06","California","075","San Francisco","37.765946","-122.399044"
"05/22/2014","060750005","1","11.5","ppb","10","23","96.0000","42602","Nitrogen dioxide (NO2)","41860","San Francisco-Oakland-Hayward, CA","06","California","075","San Francisco","37.765946","-122.399044"
"05/23/2014","060750005","1","9.1","ppb","8","23","96.0000","42602","Nitrogen dioxide (NO2)","41860","San Francisco-Oakland-Hayward, CA","06","California","075","San Francisco","37.765946","-122.399044"
"05/24/2014","060750005","1","4.7","ppb","4","23","96.0000","42602","Nitrogen dioxide (NO2)","41860","San Francisco-Oakland-Hayward, CA","06","California","075","San Francisco","37.765946","-122.399044"
"05/25/2014","060750005","1","12.1","ppb","11","23","96.0000","42602","Nitrogen dioxide (NO2)","41860","San Francisco-Oakland-Hayward, CA","06","California","075","San Francisco","37.765946","-122.399044"
"05/26/2014","060750005","1","9.1","ppb","8","23","96.0000","42602","Nitrogen dioxide (NO2)","41860","San Francisco-Oakland-Hayward, CA","06","California","075","San Francisco","37.765946","-122.399044"
"05/27/2014","060750005","1","12.9","ppb","11","23","96.0000","42602","Nitrogen dioxide (NO2)","41860","San Francisco-Oakland-Hayward, CA","06","California","075","San Francisco","37.765946","-122.399044"
"05/29/2014","060750005","1","35.5","ppb","33","23","96.0000","42602","Nitrogen dioxide (NO2)","41860","San Francisco-Oakland-Hayward, CA","06","California","075","San Francisco","37.765946","-122.399044"
"05/30/2014","060750005","1","8.6","ppb","8","23","96.0000","42602","Nitrogen dioxide (NO2)","41860","San Francisco-Oakland-Hayward, CA","06","California","075","San Francisco","37.765946","-122.399044"
"05/31/2014","060750005","1","8.8","ppb","8","23","96.0000","42602","Nitrogen dioxide (NO2)","41860","San Francisco-Oakland-Hayward, CA","06","California","075","San Francisco","37.765946","-122.399044"
"06/01/2014","060750005","1","6.2","ppb","6","23","96.0000","42602","Nitrogen dioxide (NO2)","41860","San Francisco-Oakland-Hayward, CA","06","California","075","San Francisco","37.765946","-122.399044"
"06/02/2014","060750005","1","9.4","ppb","8","22","92.0000","42602","Nitrogen dioxide (NO2)","41860","San Francisco-Oakland-Hayward, CA","06","California","075","San Francisco","37.765946","-122.399044"
"06/03/2014","060750005","1","14.5","ppb","13","23","96.0000","42602","Nitrogen dioxide (NO2)","41860","San Francisco-Oakland-Hayward, CA","06","California","075","San Francisco","37.765946","-122.399044"
"06/04/2014","060750005","1","12.9","ppb","11","23","96.0000","42602","Nitrogen dioxide (NO2)","41860","San Francisco-Oakland-Hayward, CA","06","California","075","San Francisco","37.765946","-122.399044"
"06/05/2014","060750005","1","7.8","ppb","7","23","96.0000","42602","Nitrogen dioxide (NO2)","41860","San Francisco-Oakland-Hayward, CA","06","California","075","San Francisco","37.765946","-122.399044"
"06/06/2014","060750005","1","13.3","ppb","12","20","83.0000","42602","Nitrogen dioxide (NO2)","41860","San Francisco-Oakland-Hayward, CA","06","California","075","San Francisco","37.765946","-122.399044"
"06/07/2014","060750005","1","7.7","ppb","7","23","96.0000","42602","Nitrogen dioxide (NO2)","41860","San Francisco-Oakland-Hayward, CA","06","California","075","San Francisco","37.765946","-122.399044"
"06/08/2014","060750005","1","18.5","ppb","17","23","96.0000","42602","Nitrogen dioxide (NO2)","41860","San Francisco-Oakland-Hayward, CA","06","California","075","San Francisco","37.765946","-122.399044"
"06/09/2014","060750005","1","18.8","ppb","17","23","96.0000","42602","Nitrogen dioxide (NO2)","41860","San Francisco-Oakland-Hayward, CA","06","California","075","San Francisco","37.765946","-122.399044"
"06/10/2014","060750005","1","12.2","ppb","11","23","96.0000","42602","Nitrogen dioxide (NO2)","41860","San Francisco-Oakland-Hayward, CA","06","California","075","San Francisco","37.765946","-122.399044"
"06/11/2014","060750005","1","17.9","ppb","16","23","96.0000","42602","Nitrogen dioxide (NO2)","41860","San Francisco-Oakland-Hayward, CA","06","California","075","San Francisco","37.765946","-122.399044"
"06/12/2014","060750005","1","11.9","ppb","10","23","96.0000","42602","Nitrogen dioxide (NO2)","41860","San Francisco-Oakland-Hayward, CA","06","California","075","San Francisco","37.765946","-122.399044"
"06/13/2014","060750005","1","15.2","ppb","14","23","96.0000","42602","Nitrogen dioxide (NO2)","41860","San Francisco-Oakland-Hayward, CA","06","California","075","San Francisco","37.765946","-122.399044"
"06/14/2014","060750005","1","22.5","ppb","21","23","96.0000","42602","Nitrogen dioxide (NO2)","41860","San Francisco-Oakland-Hayward, CA","06","California","075","San Francisco","37.765946","-122.399044"
"06/15/2014","060750005","1","5.2","ppb","5","23","96.0000","42602","Nitrogen dioxide (NO2)","41860","San Francisco-Oakland-Hayward, CA","06","California","075","San Francisco","37.765946","-122.399044"
"06/16/2014","060750005","1","9.2","ppb","8","23","96.0000","42602","Nitrogen dioxide (NO2)","41860","San Francisco-Oakland-Hayward, CA","06","California","075","San Francisco","37.765946","-122.399044"
"06/17/2014","060750005","1","31.3","ppb","29","23","96.0000","42602","Nitrogen dioxide (NO2)","41860","San Francisco-Oakland-Hayward, CA","06","California","075","San Francisco","37.765946","-122.399044"
"06/18/2014","060750005","1","28.2","ppb","26","23","96.0000","42602","Nitrogen dioxide (NO2)","41860","San Francisco-Oakland-Hayward, CA","06","California","075","San Francisco","37.765946","-122.399044"
"06/19/2014","060750005","1","9.4","ppb","8","23","96.0000","42602","Nitrogen dioxide (NO2)","41860","San Francisco-Oakland-Hayward, CA","06","California","075","San Francisco","37.765946","-122.399044"
"06/20/2014","060750005","1","12","ppb","11","23","96.0000","42602","Nitrogen dioxide (NO2)","41860","San Francisco-Oakland-Hayward, CA","06","California","075","San Francisco","37.765946","-122.399044"
"06/21/2014","060750005","1","6.4","ppb","6","23","96.0000","42602","Nitrogen dioxide (NO2)","41860","San Francisco-Oakland-Hayward, CA","06","California","075","San Francisco","37.765946","-122.399044"
"06/22/2014","060750005","1","4","ppb","4","23","96.0000","42602","Nitrogen dioxide (NO2)","41860","San Francisco-Oakland-Hayward, CA","06","California","075","San Francisco","37.765946","-122.399044"
"06/23/2014","060750005","1","27","ppb","25","23","96.0000","42602","Nitrogen dioxide (NO2)","41860","San Francisco-Oakland-Hayward, CA","06","California","075","San Francisco","37.765946","-122.399044"
"06/24/2014","060750005","1","16.8","ppb","15","23","96.0000","42602","Nitrogen dioxide (NO2)","41860","San Francisco-Oakland-Hayward, CA","06","California","075","San Francisco","37.765946","-122.399044"
"06/25/2014","060750005","1","7.7","ppb","7","23","96.0000","42602","Nitrogen dioxide (NO2)","41860","San Francisco-Oakland-Hayward, CA","06","California","075","San Francisco","37.765946","-122.399044"
"06/26/2014","060750005","1","14.9","ppb","13","23","96.0000","42602","Nitrogen dioxide (NO2)","41860","San Francisco-Oakland-Hayward, CA","06","California","075","San Francisco","37.765946","-122.399044"
"06/27/2014","060750005","1","8","ppb","8","23","96.0000","42602","Nitrogen dioxide (NO2)","41860","San Francisco-Oakland-Hayward, CA","06","California","075","San Francisco","37.765946","-122.399044"
"06/28/2014","060750005","1","7.5","ppb","7","23","96.0000","42602","Nitrogen dioxide (NO2)","41860","San Francisco-Oakland-Hayward, CA","06","California","075","San Francisco","37.765946","-122.399044"
"06/29/2014","060750005","1","11.4","ppb","10","23","96.0000","42602","Nitrogen dioxide (NO2)","41860","San Francisco-Oakland-Hayward, CA","06","California","075","San Francisco","37.765946","-122.399044"
"06/30/2014","060750005","1","29.5","ppb","27","23","96.0000","42602","Nitrogen dioxide (NO2)","41860","San Francisco-Oakland-Hayward, CA","06","California","075","San Francisco","37.765946","-122.399044"
"07/01/2014","060750005","1","7","ppb","7","22","92.0000","42602","Nitrogen dioxide (NO2)","41860","San Francisco-Oakland-Hayward, CA","06","California","075","San Francisco","37.765946","-122.399044"
"07/02/2014","060750005","1","13.5","ppb","12","23","96.0000","42602","Nitrogen dioxide (NO2)","41860","San Francisco-Oakland-Hayward, CA","06","California","075","San Francisco","37.765946","-122.399044"
"07/03/2014","060750005","1","7.6","ppb","7","23","96.0000","42602","Nitrogen dioxide (NO2)","41860","San Francisco-Oakland-Hayward, CA","06","California","075","San Francisco","37.765946","-122.399044"
"07/04/2014","060750005","1","3.9","ppb","3","23","96.0000","42602","Nitrogen dioxide (NO2)","41860","San Francisco-Oakland-Hayward, CA","06","California","075","San Francisco","37.765946","-122.399044"
"07/05/2014","060750005","1","5.1","ppb","5","23","96.0000","42602","Nitrogen dioxide (NO2)","41860","San Francisco-Oakland-Hayward, CA","06","California","075","San Francisco","37.765946","-122.399044"
"07/06/2014","060750005","1","6.1","ppb","6","23","96.0000","42602","Nitrogen dioxide (NO2)","41860","San Francisco-Oakland-Hayward, CA","06","California","075","San Francisco","37.765946","-122.399044"
"07/07/2014","060750005","1","8.9","ppb","8","23","96.0000","42602","Nitrogen dioxide (NO2)","41860","San Francisco-Oakland-Hayward, CA","06","California","075","San Francisco","37.765946","-122.399044"
"07/09/2014","060750005","1","11.5","ppb","10","23","96.0000","42602","Nitrogen dioxide (NO2)","41860","San Francisco-Oakland-Hayward, CA","06","California","075","San Francisco","37.765946","-122.399044"
"07/10/2014","060750005","1","8.9","ppb","8","23","96.0000","42602","Nitrogen dioxide (NO2)","41860","San Francisco-Oakland-Hayward, CA","06","California","075","San Francisco","37.765946","-122.399044"
"07/11/2014","060750005","1","8.5","ppb","8","23","96.0000","42602","Nitrogen dioxide (NO2)","41860","San Francisco-Oakland-Hayward, CA","06","California","075","San Francisco","37.765946","-122.399044"
"07/12/2014","060750005","1","4.6","ppb","4","23","96.0000","42602","Nitrogen dioxide (NO2)","41860","San Francisco-Oakland-Hayward, CA","06","California","075","San Francisco","37.765946","-122.399044"
"07/13/2014","060750005","1","5.4","ppb","5","23","96.0000","42602","Nitrogen dioxide (NO2)","41860","San Francisco-Oakland-Hayward, CA","06","California","075","San Francisco","37.765946","-122.399044"
"07/14/2014","060750005","1","18.2","ppb","17","23","96.0000","42602","Nitrogen dioxide (NO2)","41860","San Francisco-Oakland-Hayward, CA","06","California","075","San Francisco","37.765946","-122.399044"
"07/15/2014","060750005","1","9.7","ppb","8","23","96.0000","42602","Nitrogen dioxide (NO2)","41860","San Francisco-Oakland-Hayward, CA","06","California","075","San Francisco","37.765946","-122.399044"
"07/16/2014","060750005","1","8.6","ppb","8","23","96.0000","42602","Nitrogen dioxide (NO2)","41860","San Francisco-Oakland-Hayward, CA","06","California","075","San Francisco","37.765946","-122.399044"
"07/17/2014","060750005","1","10.4","ppb","9","23","96.0000","42602","Nitrogen dioxide (NO2)","41860","San Francisco-Oakland-Hayward, CA","06","California","075","San Francisco","37.765946","-122.399044"
"07/18/2014","060750005","1","10.7","ppb","9","23","96.0000","42602","Nitrogen dioxide (NO2)","41860","San Francisco-Oakland-Hayward, CA","06","California","075","San Francisco","37.765946","-122.399044"
"07/19/2014","060750005","1","4.6","ppb","4","23","96.0000","42602","Nitrogen dioxide (NO2)","41860","San Francisco-Oakland-Hayward, CA","06","California","075","San Francisco","37.765946","-122.399044"
"07/20/2014","060750005","1","4","ppb","4","23","96.0000","42602","Nitrogen dioxide (NO2)","41860","San Francisco-Oakland-Hayward, CA","06","California","075","San Francisco","37.765946","-122.399044"
"07/21/2014","060750005","1","10.6","ppb","9","22","92.0000","42602","Nitrogen dioxide (NO2)","41860","San Francisco-Oakland-Hayward, CA","06","California","075","San Francisco","37.765946","-122.399044"
"07/22/2014","060750005","1","13.4","ppb","12","23","96.0000","42602","Nitrogen dioxide (NO2)","41860","San Francisco-Oakland-Hayward, CA","06","California","075","San Francisco","37.765946","-122.399044"
"07/23/2014","060750005","1","11.6","ppb","10","23","96.0000","42602","Nitrogen dioxide (NO2)","41860","San Francisco-Oakland-Hayward, CA","06","California","075","San Francisco","37.765946","-122.399044"
"07/24/2014","060750005","1","17.3","ppb","16","22","92.0000","42602","Nitrogen dioxide (NO2)","41860","San Francisco-Oakland-Hayward, CA","06","California","075","San Francisco","37.765946","-122.399044"
"07/25/2014","060750005","1","24.2","ppb","23","23","96.0000","42602","Nitrogen dioxide (NO2)","41860","San Francisco-Oakland-Hayward, CA","06","California","075","San Francisco","37.765946","-122.399044"
"07/26/2014","060750005","1","5.6","ppb","5","23","96.0000","42602","Nitrogen dioxide (NO2)","41860","San Francisco-Oakland-Hayward, CA","06","California","075","San Francisco","37.765946","-122.399044"
"07/27/2014","060750005","1","4.8","ppb","4","23","96.0000","42602","Nitrogen dioxide (NO2)","41860","San Francisco-Oakland-Hayward, CA","06","California","075","San Francisco","37.765946","-122.399044"
"07/28/2014","060750005","1","6.9","ppb","6","19","79.0000","42602","Nitrogen dioxide (NO2)","41860","San Francisco-Oakland-Hayward, CA","06","California","075","San Francisco","37.765946","-122.399044"
"07/29/2014","060750005","1","10.1","ppb","9","23","96.0000","42602","Nitrogen dioxide (NO2)","41860","San Francisco-Oakland-Hayward, CA","06","California","075","San Francisco","37.765946","-122.399044"
"07/30/2014","060750005","1","7.2","ppb","7","23","96.0000","42602","Nitrogen dioxide (NO2)","41860","San Francisco-Oakland-Hayward, CA","06","California","075","San Francisco","37.765946","-122.399044"
"07/31/2014","060750005","1","7.9","ppb","7","23","96.0000","42602","Nitrogen dioxide (NO2)","41860","San Francisco-Oakland-Hayward, CA","06","California","075","San Francisco","37.765946","-122.399044"
"08/01/2014","060750005","1","10.2","ppb","9","23","96.0000","42602","Nitrogen dioxide (NO2)","41860","San Francisco-Oakland-Hayward, CA","06","California","075","San Francisco","37.765946","-122.399044"
"08/02/2014","060750005","1","5.9","ppb","5","23","96.0000","42602","Nitrogen dioxide (NO2)","41860","San Francisco-Oakland-Hayward, CA","06","California","075","San Francisco","37.765946","-122.399044"
"08/03/2014","060750005","1","3.6","ppb","3","23","96.0000","42602","Nitrogen dioxide (NO2)","41860","San Francisco-Oakland-Hayward, CA","06","California","075","San Francisco","37.765946","-122.399044"
"08/04/2014","060750005","1","10.9","ppb","9","23","96.0000","42602","Nitrogen dioxide (NO2)","41860","San Francisco-Oakland-Hayward, CA","06","California","075","San Francisco","37.765946","-122.399044"
"08/05/2014","060750005","1","16.1","ppb","15","18","75.0000","42602","Nitrogen dioxide (NO2)","41860","San Francisco-Oakland-Hayward, CA","06","California","075","San Francisco","37.765946","-122.399044"
"08/06/2014","060750005","1","23.2","ppb","22","23","96.0000","42602","Nitrogen dioxide (NO2)","41860","San Francisco-Oakland-Hayward, CA","06","California","075","San Francisco","37.765946","-122.399044"
"08/07/2014","060750005","1","8.8","ppb","8","23","96.0000","42602","Nitrogen dioxide (NO2)","41860","San Francisco-Oakland-Hayward, CA","06","California","075","San Francisco","37.765946","-122.399044"
"08/08/2014","060750005","1","5.9","ppb","5","23","96.0000","42602","Nitrogen dioxide (NO2)","41860","San Francisco-Oakland-Hayward, CA","06","California","075","San Francisco","37.765946","-122.399044"
"08/09/2014","060750005","1","4.8","ppb","4","23","96.0000","42602","Nitrogen dioxide (NO2)","41860","San Francisco-Oakland-Hayward, CA","06","California","075","San Francisco","37.765946","-122.399044"
"08/10/2014","060750005","1","5.3","ppb","5","23","96.0000","42602","Nitrogen dioxide (NO2)","41860","San Francisco-Oakland-Hayward, CA","06","California","075","San Francisco","37.765946","-122.399044"
"08/11/2014","060750005","1","10.1","ppb","9","23","96.0000","42602","Nitrogen dioxide (NO2)","41860","San Francisco-Oakland-Hayward, CA","06","California","075","San Francisco","37.765946","-122.399044"
"08/12/2014","060750005","1","10.4","ppb","9","23","96.0000","42602","Nitrogen dioxide (NO2)","41860","San Francisco-Oakland-Hayward, CA","06","California","075","San Francisco","37.765946","-122.399044"
"08/13/2014","060750005","1","10.2","ppb","9","23","96.0000","42602","Nitrogen dioxide (NO2)","41860","San Francisco-Oakland-Hayward, CA","06","California","075","San Francisco","37.765946","-122.399044"
"08/14/2014","060750005","1","6.7","ppb","6","23","96.0000","42602","Nitrogen dioxide (NO2)","41860","San Francisco-Oakland-Hayward, CA","06","California","075","San Francisco","37.765946","-122.399044"
"08/15/2014","060750005","1","10.1","ppb","9","23","96.0000","42602","Nitrogen dioxide (NO2)","41860","San Francisco-Oakland-Hayward, CA","06","California","075","San Francisco","37.765946","-122.399044"
"08/16/2014","060750005","1","5.5","ppb","5","23","96.0000","42602","Nitrogen dioxide (NO2)","41860","San Francisco-Oakland-Hayward, CA","06","California","075","San Francisco","37.765946","-122.399044"
"08/17/2014","060750005","1","4.5","ppb","4","23","96.0000","42602","Nitrogen dioxide (NO2)","41860","San Francisco-Oakland-Hayward, CA","06","California","075","San Francisco","37.765946","-122.399044"
"08/18/2014","060750005","1","7.7","ppb","7","23","96.0000","42602","Nitrogen dioxide (NO2)","41860","San Francisco-Oakland-Hayward, CA","06","California","075","San Francisco","37.765946","-122.399044"
"08/19/2014","060750005","1","13.4","ppb","12","23","96.0000","42602","Nitrogen dioxide (NO2)","41860","San Francisco-Oakland-Hayward, CA","06","California","075","San Francisco","37.765946","-122.399044"
"08/20/2014","060750005","1","9.2","ppb","8","23","96.0000","42602","Nitrogen dioxide (NO2)","41860","San Francisco-Oakland-Hayward, CA","06","California","075","San Francisco","37.765946","-122.399044"
"08/21/2014","060750005","1","13.4","ppb","12","23","96.0000","42602","Nitrogen dioxide (NO2)","41860","San Francisco-Oakland-Hayward, CA","06","California","075","San Francisco","37.765946","-122.399044"
"08/22/2014","060750005","1","6.6","ppb","6","23","96.0000","42602","Nitrogen dioxide (NO2)","41860","San Francisco-Oakland-Hayward, CA","06","California","075","San Francisco","37.765946","-122.399044"
"08/23/2014","060750005","1","10.7","ppb","9","23","96.0000","42602","Nitrogen dioxide (NO2)","41860","San Francisco-Oakland-Hayward, CA","06","California","075","San Francisco","37.765946","-122.399044"
"08/24/2014","060750005","1","4.2","ppb","4","23","96.0000","42602","Nitrogen dioxide (NO2)","41860","San Francisco-Oakland-Hayward, CA","06","California","075","San Francisco","37.765946","-122.399044"
"08/25/2014","060750005","1","8.9","ppb","8","23","96.0000","42602","Nitrogen dioxide (NO2)","41860","San Francisco-Oakland-Hayward, CA","06","California","075","San Francisco","37.765946","-122.399044"
"08/26/2014","060750005","1","13.5","ppb","12","23","96.0000","42602","Nitrogen dioxide (NO2)","41860","San Francisco-Oakland-Hayward, CA","06","California","075","San Francisco","37.765946","-122.399044"
"08/27/2014","060750005","1","14.4","ppb","13","23","96.0000","42602","Nitrogen dioxide (NO2)","41860","San Francisco-Oakland-Hayward, CA","06","California","075","San Francisco","37.765946","-122.399044"
"08/28/2014","060750005","1","10.1","ppb","9","23","96.0000","42602","Nitrogen dioxide (NO2)","41860","San Francisco-Oakland-Hayward, CA","06","California","075","San Francisco","37.765946","-122.399044"
"08/29/2014","060750005","1","10.3","ppb","9","23","96.0000","42602","Nitrogen dioxide (NO2)","41860","San Francisco-Oakland-Hayward, CA","06","California","075","San Francisco","37.765946","-122.399044"
"08/30/2014","060750005","1","10.5","ppb","9","23","96.0000","42602","Nitrogen dioxide (NO2)","41860","San Francisco-Oakland-Hayward, CA","06","California","075","San Francisco","37.765946","-122.399044"
"08/31/2014","060750005","1","4.5","ppb","4","23","96.0000","42602","Nitrogen dioxide (NO2)","41860","San Francisco-Oakland-Hayward, CA","06","California","075","San Francisco","37.765946","-122.399044"
"09/01/2014","060750005","1","8.3","ppb","8","19","79.0000","42602","Nitrogen dioxide (NO2)","41860","San Francisco-Oakland-Hayward, CA","06","California","075","San Francisco","37.765946","-122.399044"
"09/02/2014","060750005","1","10.3","ppb","9","23","96.0000","42602","Nitrogen dioxide (NO2)","41860","San Francisco-Oakland-Hayward, CA","06","California","075","San Francisco","37.765946","-122.399044"
"09/03/2014","060750005","1","18.6","ppb","17","23","96.0000","42602","Nitrogen dioxide (NO2)","41860","San Francisco-Oakland-Hayward, CA","06","California","075","San Francisco","37.765946","-122.399044"
"09/04/2014","060750005","1","13.3","ppb","12","23","96.0000","42602","Nitrogen dioxide (NO2)","41860","San Francisco-Oakland-Hayward, CA","06","California","075","San Francisco","37.765946","-122.399044"
"09/05/2014","060750005","1","13","ppb","12","23","96.0000","42602","Nitrogen dioxide (NO2)","41860","San Francisco-Oakland-Hayward, CA","06","California","075","San Francisco","37.765946","-122.399044"
"09/06/2014","060750005","1","7.3","ppb","7","23","96.0000","42602","Nitrogen dioxide (NO2)","41860","San Francisco-Oakland-Hayward, CA","06","California","075","San Francisco","37.765946","-122.399044"
"09/07/2014","060750005","1","5.4","ppb","5","23","96.0000","42602","Nitrogen dioxide (NO2)","41860","San Francisco-Oakland-Hayward, CA","06","California","075","San Francisco","37.765946","-122.399044"
"09/08/2014","060750005","1","13.4","ppb","12","23","96.0000","42602","Nitrogen dioxide (NO2)","41860","San Francisco-Oakland-Hayward, CA","06","California","075","San Francisco","37.765946","-122.399044"
"09/09/2014","060750005","1","17.1","ppb","16","23","96.0000","42602","Nitrogen dioxide (NO2)","41860","San Francisco-Oakland-Hayward, CA","06","California","075","San Francisco","37.765946","-122.399044"
"09/10/2014","060750005","1","45.1","ppb","42","23","96.0000","42602","Nitrogen dioxide (NO2)","41860","San Francisco-Oakland-Hayward, CA","06","California","075","San Francisco","37.765946","-122.399044"
"09/11/2014","060750005","1","23.8","ppb","22","23","96.0000","42602","Nitrogen dioxide (NO2)","41860","San Francisco-Oakland-Hayward, CA","06","California","075","San Francisco","37.765946","-122.399044"
"09/12/2014","060750005","1","20.5","ppb","19","23","96.0000","42602","Nitrogen dioxide (NO2)","41860","San Francisco-Oakland-Hayward, CA","06","California","075","San Francisco","37.765946","-122.399044"
"09/13/2014","060750005","1","9.3","ppb","8","23","96.0000","42602","Nitrogen dioxide (NO2)","41860","San Francisco-Oakland-Hayward, CA","06","California","075","San Francisco","37.765946","-122.399044"
"09/14/2014","060750005","1","9.2","ppb","8","23","96.0000","42602","Nitrogen dioxide (NO2)","41860","San Francisco-Oakland-Hayward, CA","06","California","075","San Francisco","37.765946","-122.399044"
"09/15/2014","060750005","1","12","ppb","11","23","96.0000","42602","Nitrogen dioxide (NO2)","41860","San Francisco-Oakland-Hayward, CA","06","California","075","San Francisco","37.765946","-122.399044"
"09/16/2014","060750005","1","22","ppb","21","20","83.0000","42602","Nitrogen dioxide (NO2)","41860","San Francisco-Oakland-Hayward, CA","06","California","075","San Francisco","37.765946","-122.399044"
"09/17/2014","060750005","1","14.3","ppb","13","23","96.0000","42602","Nitrogen dioxide (NO2)","41860","San Francisco-Oakland-Hayward, CA","06","California","075","San Francisco","37.765946","-122.399044"
"09/18/2014","060750005","1","15.9","ppb","14","23","96.0000","42602","Nitrogen dioxide (NO2)","41860","San Francisco-Oakland-Hayward, CA","06","California","075","San Francisco","37.765946","-122.399044"
"09/19/2014","060750005","1","12.2","ppb","11","23","96.0000","42602","Nitrogen dioxide (NO2)","41860","San Francisco-Oakland-Hayward, CA","06","California","075","San Francisco","37.765946","-122.399044"
"09/20/2014","060750005","1","11.2","ppb","10","23","96.0000","42602","Nitrogen dioxide (NO2)","41860","San Francisco-Oakland-Hayward, CA","06","California","075","San Francisco","37.765946","-122.399044"
"09/21/2014","060750005","1","4.8","ppb","4","23","96.0000","42602","Nitrogen dioxide (NO2)","41860","San Francisco-Oakland-Hayward, CA","06","California","075","San Francisco","37.765946","-122.399044"
"09/22/2014","060750005","1","19.2","ppb","18","23","96.0000","42602","Nitrogen dioxide (NO2)","41860","San Francisco-Oakland-Hayward, CA","06","California","075","San Francisco","37.765946","-122.399044"
"09/23/2014","060750005","1","15.8","ppb","14","23","96.0000","42602","Nitrogen dioxide (NO2)","41860","San Francisco-Oakland-Hayward, CA","06","California","075","San Francisco","37.765946","-122.399044"
"09/24/2014","060750005","1","10.5","ppb","9","21","88.0000","42602","Nitrogen dioxide (NO2)","41860","San Francisco-Oakland-Hayward, CA","06","California","075","San Francisco","37.765946","-122.399044"
"09/25/2014","060750005","1","25","ppb","24","23","96.0000","42602","Nitrogen dioxide (NO2)","41860","San Francisco-Oakland-Hayward, CA","06","California","075","San Francisco","37.765946","-122.399044"
"09/26/2014","060750005","1","19.3","ppb","18","23","96.0000","42602","Nitrogen dioxide (NO2)","41860","San Francisco-Oakland-Hayward, CA","06","California","075","San Francisco","37.765946","-122.399044"
"09/27/2014","060750005","1","16.6","ppb","15","23","96.0000","42602","Nitrogen dioxide (NO2)","41860","San Francisco-Oakland-Hayward, CA","06","California","075","San Francisco","37.765946","-122.399044"
"09/28/2014","060750005","1","13.5","ppb","12","23","96.0000","42602","Nitrogen dioxide (NO2)","41860","San Francisco-Oakland-Hayward, CA","06","California","075","San Francisco","37.765946","-122.399044"
"09/29/2014","060750005","1","14","ppb","13","23","96.0000","42602","Nitrogen dioxide (NO2)","41860","San Francisco-Oakland-Hayward, CA","06","California","075","San Francisco","37.765946","-122.399044"
"09/30/2014","060750005","1","29.7","ppb","27","23","96.0000","42602","Nitrogen dioxide (NO2)","41860","San Francisco-Oakland-Hayward, CA","06","California","075","San Francisco","37.765946","-122.399044"
"10/01/2014","060750005","1","54.9","ppb","51","23","96.0000","42602","Nitrogen dioxide (NO2)","41860","San Francisco-Oakland-Hayward, CA","06","California","075","San Francisco","37.765946","-122.399044"
"10/02/2014","060750005","1","57.9","ppb","54","23","96.0000","42602","Nitrogen dioxide (NO2)","41860","San Francisco-Oakland-Hayward, CA","06","California","075","San Francisco","37.765946","-122.399044"
"10/03/2014","060750005","1","83.7","ppb","82","23","96.0000","42602","Nitrogen dioxide (NO2)","41860","San Francisco-Oakland-Hayward, CA","06","California","075","San Francisco","37.765946","-122.399044"
"10/04/2014","060750005","1","45.7","ppb","42","23","96.0000","42602","Nitrogen dioxide (NO2)","41860","San Francisco-Oakland-Hayward, CA","06","California","075","San Francisco","37.765946","-122.399044"
"10/05/2014","060750005","1","29.7","ppb","27","23","96.0000","42602","Nitrogen dioxide (NO2)","41860","San Francisco-Oakland-Hayward, CA","06","California","075","San Francisco","37.765946","-122.399044"
"10/06/2014","060750005","1","37.1","ppb","35","23","96.0000","42602","Nitrogen dioxide (NO2)","41860","San Francisco-Oakland-Hayward, CA","06","California","075","San Francisco","37.765946","-122.399044"
"10/07/2014","060750005","1","22.4","ppb","21","23","96.0000","42602","Nitrogen dioxide (NO2)","41860","San Francisco-Oakland-Hayward, CA","06","California","075","San Francisco","37.765946","-122.399044"
"10/08/2014","060750005","1","47.9","ppb","44","23","96.0000","42602","Nitrogen dioxide (NO2)","41860","San Francisco-Oakland-Hayward, CA","06","California","075","San Francisco","37.765946","-122.399044"
"10/09/2014","060750005","1","12.1","ppb","11","23","96.0000","42602","Nitrogen dioxide (NO2)","41860","San Francisco-Oakland-Hayward, CA","06","California","075","San Francisco","37.765946","-122.399044"
"10/10/2014","060750005","1","12.4","ppb","11","23","96.0000","42602","Nitrogen dioxide (NO2)","41860","San Francisco-Oakland-Hayward, CA","06","California","075","San Francisco","37.765946","-122.399044"
"10/11/2014","060750005","1","22.4","ppb","21","23","96.0000","42602","Nitrogen dioxide (NO2)","41860","San Francisco-Oakland-Hayward, CA","06","California","075","San Francisco","37.765946","-122.399044"
"10/12/2014","060750005","1","37.7","ppb","35","23","96.0000","42602","Nitrogen dioxide (NO2)","41860","San Francisco-Oakland-Hayward, CA","06","California","075","San Francisco","37.765946","-122.399044"
"10/13/2014","060750005","1","44","ppb","42","23","96.0000","42602","Nitrogen dioxide (NO2)","41860","San Francisco-Oakland-Hayward, CA","06","California","075","San Francisco","37.765946","-122.399044"
"10/14/2014","060750005","1","46.2","ppb","43","23","96.0000","42602","Nitrogen dioxide (NO2)","41860","San Francisco-Oakland-Hayward, CA","06","California","075","San Francisco","37.765946","-122.399044"
"10/15/2014","060750005","1","24.7","ppb","23","23","96.0000","42602","Nitrogen dioxide (NO2)","41860","San Francisco-Oakland-Hayward, CA","06","California","075","San Francisco","37.765946","-122.399044"
"10/16/2014","060750005","1","36.2","ppb","34","23","96.0000","42602","Nitrogen dioxide (NO2)","41860","San Francisco-Oakland-Hayward, CA","06","California","075","San Francisco","37.765946","-122.399044"
"10/17/2014","060750005","1","40.6","ppb","38","23","96.0000","42602","Nitrogen dioxide (NO2)","41860","San Francisco-Oakland-Hayward, CA","06","California","075","San Francisco","37.765946","-122.399044"
"10/18/2014","060750005","1","23.3","ppb","22","23","96.0000","42602","Nitrogen dioxide (NO2)","41860","San Francisco-Oakland-Hayward, CA","06","California","075","San Francisco","37.765946","-122.399044"
"10/19/2014","060750005","1","16.9","ppb","15","23","96.0000","42602","Nitrogen dioxide (NO2)","41860","San Francisco-Oakland-Hayward, CA","06","California","075","San Francisco","37.765946","-122.399044"
"10/20/2014","060750005","1","27.9","ppb","25","21","88.0000","42602","Nitrogen dioxide (NO2)","41860","San Francisco-Oakland-Hayward, CA","06","California","075","San Francisco","37.765946","-122.399044"
"10/21/2014","060750005","1","34","ppb","32","23","96.0000","42602","Nitrogen dioxide (NO2)","41860","San Francisco-Oakland-Hayward, CA","06","California","075","San Francisco","37.765946","-122.399044"
"10/22/2014","060750005","1","40.3","ppb","38","23","96.0000","42602","Nitrogen dioxide (NO2)","41860","San Francisco-Oakland-Hayward, CA","06","California","075","San Francisco","37.765946","-122.399044"
"10/23/2014","060750005","1","36.6","ppb","34","23","96.0000","42602","Nitrogen dioxide (NO2)","41860","San Francisco-Oakland-Hayward, CA","06","California","075","San Francisco","37.765946","-122.399044"
"10/24/2014","060750005","1","49.6","ppb","46","23","96.0000","42602","Nitrogen dioxide (NO2)","41860","San Francisco-Oakland-Hayward, CA","06","California","075","San Francisco","37.765946","-122.399044"
"10/25/2014","060750005","1","12.3","ppb","11","23","96.0000","42602","Nitrogen dioxide (NO2)","41860","San Francisco-Oakland-Hayward, CA","06","California","075","San Francisco","37.765946","-122.399044"
"10/26/2014","060750005","1","20.1","ppb","19","23","96.0000","42602","Nitrogen dioxide (NO2)","41860","San Francisco-Oakland-Hayward, CA","06","California","075","San Francisco","37.765946","-122.399044"
"10/27/2014","060750005","1","35.7","ppb","33","23","96.0000","42602","Nitrogen dioxide (NO2)","41860","San Francisco-Oakland-Hayward, CA","06","California","075","San Francisco","37.765946","-122.399044"
"10/28/2014","060750005","1","50.4","ppb","47","23","96.0000","42602","Nitrogen dioxide (NO2)","41860","San Francisco-Oakland-Hayward, CA","06","California","075","San Francisco","37.765946","-122.399044"
"10/29/2014","060750005","1","47","ppb","44","23","96.0000","42602","Nitrogen dioxide (NO2)","41860","San Francisco-Oakland-Hayward, CA","06","California","075","San Francisco","37.765946","-122.399044"
"10/30/2014","060750005","1","45.4","ppb","42","23","96.0000","42602","Nitrogen dioxide (NO2)","41860","San Francisco-Oakland-Hayward, CA","06","California","075","San Francisco","37.765946","-122.399044"
"10/31/2014","060750005","1","18.4","ppb","17","23","96.0000","42602","Nitrogen dioxide (NO2)","41860","San Francisco-Oakland-Hayward, CA","06","California","075","San Francisco","37.765946","-122.399044"
"11/01/2014","060750005","1","18.5","ppb","17","23","96.0000","42602","Nitrogen dioxide (NO2)","41860","San Francisco-Oakland-Hayward, CA","06","California","075","San Francisco","37.765946","-122.399044"
"11/02/2014","060750005","1","30.7","ppb","28","23","96.0000","42602","Nitrogen dioxide (NO2)","41860","San Francisco-Oakland-Hayward, CA","06","California","075","San Francisco","37.765946","-122.399044"
"11/03/2014","060750005","1","52.5","ppb","49","23","96.0000","42602","Nitrogen dioxide (NO2)","41860","San Francisco-Oakland-Hayward, CA","06","California","075","San Francisco","37.765946","-122.399044"
"11/04/2014","060750005","1","34.8","ppb","32","23","96.0000","42602","Nitrogen dioxide (NO2)","41860","San Francisco-Oakland-Hayward, CA","06","California","075","San Francisco","37.765946","-122.399044"
"11/05/2014","060750005","1","49.5","ppb","46","23","96.0000","42602","Nitrogen dioxide (NO2)","41860","San Francisco-Oakland-Hayward, CA","06","California","075","San Francisco","37.765946","-122.399044"
"11/06/2014","060750005","1","44.4","ppb","42","23","96.0000","42602","Nitrogen dioxide (NO2)","41860","San Francisco-Oakland-Hayward, CA","06","California","075","San Francisco","37.765946","-122.399044"
"11/07/2014","060750005","1","27.7","ppb","25","23","96.0000","42602","Nitrogen dioxide (NO2)","41860","San Francisco-Oakland-Hayward, CA","06","California","075","San Francisco","37.765946","-122.399044"
"11/08/2014","060750005","1","46.7","ppb","43","23","96.0000","42602","Nitrogen dioxide (NO2)","41860","San Francisco-Oakland-Hayward, CA","06","California","075","San Francisco","37.765946","-122.399044"
"11/09/2014","060750005","1","19","ppb","18","23","96.0000","42602","Nitrogen dioxide (NO2)","41860","San Francisco-Oakland-Hayward, CA","06","California","075","San Francisco","37.765946","-122.399044"
"11/10/2014","060750005","1","28.3","ppb","26","23","96.0000","42602","Nitrogen dioxide (NO2)","41860","San Francisco-Oakland-Hayward, CA","06","California","075","San Francisco","37.765946","-122.399044"
"11/11/2014","060750005","1","66.2","ppb","64","23","96.0000","42602","Nitrogen dioxide (NO2)","41860","San Francisco-Oakland-Hayward, CA","06","California","075","San Francisco","37.765946","-122.399044"
"11/12/2014","060750005","1","16.3","ppb","15","23","96.0000","42602","Nitrogen dioxide (NO2)","41860","San Francisco-Oakland-Hayward, CA","06","California","075","San Francisco","37.765946","-122.399044"
"11/13/2014","060750005","1","21.9","ppb","20","20","83.0000","42602","Nitrogen dioxide (NO2)","41860","San Francisco-Oakland-Hayward, CA","06","California","075","San Francisco","37.765946","-122.399044"
"11/14/2014","060750005","1","31.4","ppb","29","23","96.0000","42602","Nitrogen dioxide (NO2)","41860","San Francisco-Oakland-Hayward, CA","06","California","075","San Francisco","37.765946","-122.399044"
"11/15/2014","060750005","1","31","ppb","29","23","96.0000","42602","Nitrogen dioxide (NO2)","41860","San Francisco-Oakland-Hayward, CA","06","California","075","San Francisco","37.765946","-122.399044"
"11/16/2014","060750005","1","33.7","ppb","31","23","96.0000","42602","Nitrogen dioxide (NO2)","41860","San Francisco-Oakland-Hayward, CA","06","California","075","San Francisco","37.765946","-122.399044"
"11/17/2014","060750005","1","30.2","ppb","28","23","96.0000","42602","Nitrogen dioxide (NO2)","41860","San Francisco-Oakland-Hayward, CA","06","California","075","San Francisco","37.765946","-122.399044"
"11/18/2014","060750005","1","50.5","ppb","47","23","96.0000","42602","Nitrogen dioxide (NO2)","41860","San Francisco-Oakland-Hayward, CA","06","California","075","San Francisco","37.765946","-122.399044"
"11/19/2014","060750005","1","35.9","ppb","33","23","96.0000","42602","Nitrogen dioxide (NO2)","41860","San Francisco-Oakland-Hayward, CA","06","California","075","San Francisco","37.765946","-122.399044"
"11/20/2014","060750005","1","27.2","ppb","25","23","96.0000","42602","Nitrogen dioxide (NO2)","41860","San Francisco-Oakland-Hayward, CA","06","California","075","San Francisco","37.765946","-122.399044"
"11/21/2014","060750005","1","31.6","ppb","29","23","96.0000","42602","Nitrogen dioxide (NO2)","41860","San Francisco-Oakland-Hayward, CA","06","California","075","San Francisco","37.765946","-122.399044"
"11/22/2014","060750005","1","17.4","ppb","16","23","96.0000","42602","Nitrogen dioxide (NO2)","41860","San Francisco-Oakland-Hayward, CA","06","California","075","San Francisco","37.765946","-122.399044"
"11/23/2014","060750005","1","35.9","ppb","33","23","96.0000","42602","Nitrogen dioxide (NO2)","41860","San Francisco-Oakland-Hayward, CA","06","California","075","San Francisco","37.765946","-122.399044"
"11/24/2014","060750005","1","36","ppb","34","23","96.0000","42602","Nitrogen dioxide (NO2)","41860","San Francisco-Oakland-Hayward, CA","06","California","075","San Francisco","37.765946","-122.399044"
"11/25/2014","060750005","1","40.5","ppb","38","18","75.0000","42602","Nitrogen dioxide (NO2)","41860","San Francisco-Oakland-Hayward, CA","06","California","075","San Francisco","37.765946","-122.399044"
"11/26/2014","060750005","1","64.6","ppb","62","23","96.0000","42602","Nitrogen dioxide (NO2)","41860","San Francisco-Oakland-Hayward, CA","06","California","075","San Francisco","37.765946","-122.399044"
"11/27/2014","060750005","1","44.6","ppb","42","23","96.0000","42602","Nitrogen dioxide (NO2)","41860","San Francisco-Oakland-Hayward, CA","06","California","075","San Francisco","37.765946","-122.399044"
"11/28/2014","060750005","1","29.5","ppb","27","23","96.0000","42602","Nitrogen dioxide (NO2)","41860","San Francisco-Oakland-Hayward, CA","06","California","075","San Francisco","37.765946","-122.399044"
"11/29/2014","060750005","1","18.7","ppb","17","23","96.0000","42602","Nitrogen dioxide (NO2)","41860","San Francisco-Oakland-Hayward, CA","06","California","075","San Francisco","37.765946","-122.399044"
"11/30/2014","060750005","1","32.3","ppb","30","23","96.0000","42602","Nitrogen dioxide (NO2)","41860","San Francisco-Oakland-Hayward, CA","06","California","075","San Francisco","37.765946","-122.399044"
"12/01/2014","060750005","1","31.4","ppb","29","23","96.0000","42602","Nitrogen dioxide (NO2)","41860","San Francisco-Oakland-Hayward, CA","06","California","075","San Francisco","37.765946","-122.399044"
"12/02/2014","060750005","1","28.5","ppb","26","23","96.0000","42602","Nitrogen dioxide (NO2)","41860","San Francisco-Oakland-Hayward, CA","06","California","075","San Francisco","37.765946","-122.399044"
"12/03/2014","060750005","1","15.9","ppb","14","23","96.0000","42602","Nitrogen dioxide (NO2)","41860","San Francisco-Oakland-Hayward, CA","06","California","075","San Francisco","37.765946","-122.399044"
"12/04/2014","060750005","1","33.7","ppb","31","23","96.0000","42602","Nitrogen dioxide (NO2)","41860","San Francisco-Oakland-Hayward, CA","06","California","075","San Francisco","37.765946","-122.399044"
"12/05/2014","060750005","1","30.5","ppb","28","23","96.0000","42602","Nitrogen dioxide (NO2)","41860","San Francisco-Oakland-Hayward, CA","06","California","075","San Francisco","37.765946","-122.399044"
"12/06/2014","060750005","1","26.9","ppb","25","23","96.0000","42602","Nitrogen dioxide (NO2)","41860","San Francisco-Oakland-Hayward, CA","06","California","075","San Francisco","37.765946","-122.399044"
"12/07/2014","060750005","1","28.8","ppb","26","23","96.0000","42602","Nitrogen dioxide (NO2)","41860","San Francisco-Oakland-Hayward, CA","06","California","075","San Francisco","37.765946","-122.399044"
"12/08/2014","060750005","1","32.1","ppb","30","23","96.0000","42602","Nitrogen dioxide (NO2)","41860","San Francisco-Oakland-Hayward, CA","06","California","075","San Francisco","37.765946","-122.399044"
"12/09/2014","060750005","1","28.4","ppb","26","23","96.0000","42602","Nitrogen dioxide (NO2)","41860","San Francisco-Oakland-Hayward, CA","06","California","075","San Francisco","37.765946","-122.399044"
"12/11/2014","060750005","1","26.4","ppb","25","21","88.0000","42602","Nitrogen dioxide (NO2)","41860","San Francisco-Oakland-Hayward, CA","06","California","075","San Francisco","37.765946","-122.399044"
"12/12/2014","060750005","1","38.2","ppb","36","23","96.0000","42602","Nitrogen dioxide (NO2)","41860","San Francisco-Oakland-Hayward, CA","06","California","075","San Francisco","37.765946","-122.399044"
"12/13/2014","060750005","1","40.5","ppb","38","23","96.0000","42602","Nitrogen dioxide (NO2)","41860","San Francisco-Oakland-Hayward, CA","06","California","075","San Francisco","37.765946","-122.399044"
"12/14/2014","060750005","1","20.2","ppb","19","23","96.0000","42602","Nitrogen dioxide (NO2)","41860","San Francisco-Oakland-Hayward, CA","06","California","075","San Francisco","37.765946","-122.399044"
"12/15/2014","060750005","1","23.4","ppb","22","23","96.0000","42602","Nitrogen dioxide (NO2)","41860","San Francisco-Oakland-Hayward, CA","06","California","075","San Francisco","37.765946","-122.399044"
"12/16/2014","060750005","1","36","ppb","34","23","96.0000","42602","Nitrogen dioxide (NO2)","41860","San Francisco-Oakland-Hayward, CA","06","California","075","San Francisco","37.765946","-122.399044"
"12/17/2014","060750005","1","40.2","ppb","38","23","96.0000","42602","Nitrogen dioxide (NO2)","41860","San Francisco-Oakland-Hayward, CA","06","California","075","San Francisco","37.765946","-122.399044"
"12/18/2014","060750005","1","40.7","ppb","38","23","96.0000","42602","Nitrogen dioxide (NO2)","41860","San Francisco-Oakland-Hayward, CA","06","California","075","San Francisco","37.765946","-122.399044"
"12/19/2014","060750005","1","32.3","ppb","30","23","96.0000","42602","Nitrogen dioxide (NO2)","41860","San Francisco-Oakland-Hayward, CA","06","California","075","San Francisco","37.765946","-122.399044"
"12/20/2014","060750005","1","22.7","ppb","21","23","96.0000","42602","Nitrogen dioxide (NO2)","41860","San Francisco-Oakland-Hayward, CA","06","California","075","San Francisco","37.765946","-122.399044"
"12/21/2014","060750005","1","18.8","ppb","17","23","96.0000","42602","Nitrogen dioxide (NO2)","41860","San Francisco-Oakland-Hayward, CA","06","California","075","San Francisco","37.765946","-122.399044"
"12/22/2014","060750005","1","28.1","ppb","26","23","96.0000","42602","Nitrogen dioxide (NO2)","41860","San Francisco-Oakland-Hayward, CA","06","California","075","San Francisco","37.765946","-122.399044"
"12/23/2014","060750005","1","25.3","ppb","24","23","96.0000","42602","Nitrogen dioxide (NO2)","41860","San Francisco-Oakland-Hayward, CA","06","California","075","San Francisco","37.765946","-122.399044"
"12/24/2014","060750005","1","14.4","ppb","13","23","96.0000","42602","Nitrogen dioxide (NO2)","41860","San Francisco-Oakland-Hayward, CA","06","California","075","San Francisco","37.765946","-122.399044"
"12/25/2014","060750005","1","9.6","ppb","8","23","96.0000","42602","Nitrogen dioxide (NO2)","41860","San Francisco-Oakland-Hayward, CA","06","California","075","San Francisco","37.765946","-122.399044"
"12/26/2014","060750005","1","38","ppb","36","23","96.0000","42602","Nitrogen dioxide (NO2)","41860","San Francisco-Oakland-Hayward, CA","06","California","075","San Francisco","37.765946","-122.399044"
"12/27/2014","060750005","1","33.2","ppb","31","23","96.0000","42602","Nitrogen dioxide (NO2)","41860","San Francisco-Oakland-Hayward, CA","06","California","075","San Francisco","37.765946","-122.399044"
"12/28/2014","060750005","1","28.6","ppb","26","23","96.0000","42602","Nitrogen dioxide (NO2)","41860","San Francisco-Oakland-Hayward, CA","06","California","075","San Francisco","37.765946","-122.399044"
"12/29/2014","060750005","1","31.3","ppb","29","23","96.0000","42602","Nitrogen dioxide (NO2)","41860","San Francisco-Oakland-Hayward, CA","06","California","075","San Francisco","37.765946","-122.399044"
"12/30/2014","060750005","1","13.2","ppb","12","23","96.0000","42602","Nitrogen dioxide (NO2)","41860","San Francisco-Oakland-Hayward, CA","06","California","075","San Francisco","37.765946","-122.399044"
"12/31/2014","060750005","1","40.5","ppb","38","23","96.0000","42602","Nitrogen dioxide (NO2)","41860","San Francisco-Oakland-Hayward, CA","06","California","075","San Francisco","37.765946","-122.399044"
